"project_status";"id";"naam";"startdatum";"ministerie";"peildatum.a";"rapportage_herijking.a";"actueel_einddatum.a";"daadwerkelijk_totaal_projectkosten.a";"actueel_totaal_projectkosten.a";"peildatum.z";"rapportage_herijking.z";"actueel_einddatum.z";"daadwerkelijk_totaal_projectkosten.z";"actueel_totaal_projectkosten.z";"doorlooptijd.z";"hex";"col";"verschil_abs";"verschil_per"
"Afgerond";"292001";"Integraal verbeterplan SMF";2013-11-29;"Sociale Zaken en Werkgelegenheid";2015-11-15;"Initieel";2015-11-15;0;5,46;2016-11-01;"Rapportage";2016-11-01;12,3;12,3;1068;"#BE5900";"orange";6,84;125,274725274725
"Afgerond";"291374";"Nieuwe ICT-omgeving ILT";2012-10-04;"Infrastructuur en Milieu";2015-12-31;"Initieel";2015-12-31;0;2,51;2016-11-30;"Rapportage";2016-11-30;15,3;15,3;1518;"#BE5900";"orange";12,79;509,561752988048
"Afgerond";"291951";"Herontwerp Grote Geldstromen";2013-02-12;"Sociale Zaken en Werkgelegenheid";2013-12-31;"Initieel";2013-12-31;0;4,7;2016-12-13;"Rapportage";2016-12-13;8,7;8,7;1400;"#BE5900";"orange";4;85,1063829787234
"Afgerond";"259645";"Programma Rationalisatie";2014-12-31;"Financiën";2017-12-31;"Initieel";2017-12-31;0;105;2016-12-31;"Rapportage";2016-12-31;28,66;28,66;731;"#BE5900";"orange";-76,34;-72,7047619047619
"Afgerond";"158735";"Basisregistraties";2006-07-01;"Financiën";2011-12-31;"Initieel";2011-12-31;0;35;2015-12-31;"Rapportage";2015-12-31;42,7;42,7;3470;"#BE5900";"orange";7,7;22
"Afgerond";"160187";"Vernieuwing Rekencentrum DJI (3V)";2012-01-01;"Veiligheid en Justitie";2016-12-31;"Initieel";2016-12-31;0;47,55;2016-01-14;"Rapportage";2016-01-14;18,09;18,09;1474;"#BE5900";"orange";-29,46;-61,9558359621451
"Afgerond";"296561";"A2 Passage Maastricht";2011-12-31;"Infrastructuur en Milieu";2016-12-31;"Initieel";2016-12-31;0;0;2016-12-31;"Rapportage";2016-12-31;0;0;1827;"#BE5900";"orange";0;0
"Afgerond";"291424";"Service Gerichte Architectuur";2013-10-01;"Infrastructuur en Milieu";2015-12-31;"Initieel";2015-12-31;0;1,7;2016-06-30;"Rapportage";2016-06-30;8,27;8,27;1003;"#BE5900";"orange";6,57;386,470588235294
"Afgerond";"293007";"Contactcenter Diensten";2014-12-19;"Sociale Zaken en Werkgelegenheid";2015-12-31;"Initieel";2015-12-31;0;4,1;2016-10-18;"Rapportage";2016-10-18;6,71;6,71;669;"#BE5900";"orange";2,61;63,6585365853659
"Afgerond";"160196";"Elektronische Detentie";2013-05-15;"Veiligheid en Justitie";2014-09-01;"Initieel";2014-09-01;0;9,02;2016-06-30;"Rapportage";2016-06-30;3,39;3,39;1142;"#BE5900";"orange";-5,63;-62,4168514412417
"Afgerond";"292957";"Één Mijnomgeving";2013-02-01;"Sociale Zaken en Werkgelegenheid";2015-12-31;"Initieel";2015-12-31;0;4,07;2016-06-30;"Herijking";2016-06-30;4,71;4,71;1245;"#BE5900";"orange";0,64;15,7248157248157
"Afgerond";"323619";"Herinrichting Logisch Toegangsbeheer";2005-11-24;"Financiën";2007-12-31;"Initieel";2007-12-31;0;12,15;2016-03-17;"Rapportage";2016-03-17;10,31;10,31;3766;"#BE5900";"orange";-1,84;-15,1440329218107
"Afgerond";"295068";"Elektronisch Patiënten Dossier (EPD) bij DJI";2012-11-01;"Veiligheid en Justitie";2014-12-31;"Initieel";2014-12-31;0;5,27;2016-11-22;"Rapportage";2016-11-22;8,98;8,98;1482;"#BE5900";"orange";3,71;70,3984819734346
"Afgerond";"301038";"IH Release 2016.3";2015-09-15;"Financiën";2016-11-15;"Initieel";2016-11-15;0;5,2;2016-11-15;"Rapportage";2016-11-15;3,29;3,29;427;"#BE5900";"orange";-1,91;-36,7307692307692
"Afgerond";"160180";"SEPA";2011-09-23;"Financiën";2013-01-01;"Initieel";2013-01-01;0;20,83;2014-02-01;"Rapportage";2014-02-01;18,3;18,3;862;"#BE5900";"orange";-2,53;-12,1459433509361
"Afgerond";"158756";"TGV";2009-08-01;"Veiligheid en Justitie";2011-07-01;"Initieel";2011-07-01;0;47,22;2011-07-01;"Rapportage";2011-07-01;35,86;45,46;699;"#BE5900";"orange";-11,36;-24,0576027107158
"Afgerond";"299496";"Doorontwikkeling Digitalisering stukkenstroom VWS";2013-04-01;"Volksgezondheid, Welzijn en Sport";2015-12-31;"Initieel";2015-12-31;0;6,91;2016-06-30;"Rapportage";2016-06-30;7,3;7,3;1186;"#BE5900";"orange";0,39;5,64399421128798
"Afgerond";"259595";"Online Aangifte Voorziening (OLAV)";2013-05-08;"Financiën";2015-03-31;"Initieel";2015-03-31;0;18,61;2016-03-31;"Rapportage";2016-03-31;29,18;29,18;1058;"#BE5900";"orange";10,57;56,7974207415368
"Afgerond";"295250";"DRIFE";2012-07-16;"Veiligheid en Justitie";2015-03-31;"Initieel";2015-03-31;0;3,39;2016-07-28;"Rapportage";2016-07-28;6,57;6,57;1473;"#BE5900";"orange";3,18;93,8053097345133
"Afgerond";"299052";"Uitvoeringsketen BBR";2014-01-01;"Economische Zaken";2015-08-01;"Initieel";2015-08-01;0;5,49;2016-08-09;"Rapportage";2016-08-09;6,84;6,84;951;"#BE5900";"orange";1,35;24,5901639344262
"Afgerond";"160188";"Vervanging Voice Communicatiesysteem";2010-05-10;"Infrastructuur en Milieu";2014-12-31;"Initieel";2014-12-31;0;25,13;2015-03-31;"Rapportage";2015-03-31;22,6;22,6;1786;"#BE5900";"orange";-2,53;-10,0676482292081
"Afgerond";"293923";"Landelijke Voorziening BGT";2011-01-03;"Infrastructuur en Milieu";2014-12-31;"Initieel";2014-12-31;0;6,4;2016-06-16;"Rapportage";2016-06-16;6,91;6,91;1991;"#BE5900";"orange";0,51;7,96875
"Afgerond";"158734";"eCustoms";2006-01-01;"Financiën";2008-01-01;"Initieel";2008-01-01;0;37;2010-12-31;"Rapportage";2010-12-31;65,28;65,28;1825;"#BE5900";"orange";28,28;76,4324324324324
"Afgerond";"291901";"Robuust ERD-schap en werkgever-verhaal";2013-04-23;"Sociale Zaken en Werkgelegenheid";2015-02-28;"Initieel";2015-02-28;0;6,86;2016-06-30;"Rapportage";2016-06-30;14,69;14,69;1164;"#BE5900";"orange";7,83;114,139941690962
"Afgerond";"160192";"Orion";2009-04-01;"Binnenlandse Zaken en Koninkrijksrelaties";2012-11-01;"Initieel";2012-11-01;0;17,97;2013-08-31;"Rapportage";2013-08-31;22,01;22,01;1613;"#BE5900";"orange";4,04;22,4819143016138
"Afgerond";"252231";"Wijziging oude Werkloosheidswet (WW)";2014-04-29;"Sociale Zaken en Werkgelegenheid";2016-03-31;"Initieel";2016-03-31;0;14,9;2016-03-31;"Rapportage";2016-03-31;23,29;23,29;702;"#BE5900";"orange";8,39;56,3087248322148
"Afgerond";"300624";"IH Release 2016.1";2015-01-15;"Financiën";2016-03-15;"Initieel";2016-03-15;0;5,6;2016-03-15;"Rapportage";2016-03-15;4,6;4,6;425;"#BE5900";"orange";-1;-17,8571428571429
"Afgerond";"297656";"Studievoorschot in WSF-systemen";2014-11-14;"Onderwijs, Cultuur en Wetenschap";2016-04-01;"Initieel";2016-04-01;0;7;2016-04-01;"Rapportage";2016-04-01;5,68;5,68;504;"#BE5900";"orange";-1,32;-18,8571428571429
"Afgerond";"160171";"UWV: Kantoorautomatisering, Werkplek en Netwerken";2010-01-01;"Sociale Zaken en Werkgelegenheid";2015-12-31;"Initieel";2015-12-31;0;42,99;2015-12-31;"Rapportage";2015-12-31;47,63;47,63;2190;"#BE5900";"orange";4,64;10,7932077227262
"Afgerond";"160202";"Programma Digitale Dienstverlening (DDV)";2009-05-01;"Economische Zaken";2011-12-31;"Initieel";2011-12-31;0;33,12;2012-07-01;"Rapportage";2012-07-01;22,08;31,84;1157;"#BE5900";"orange";-11,04;-33,3333333333333
"Afgerond";"160208";"AERIUS";2013-01-01;"Economische Zaken";2014-04-30;"Initieel";2014-04-30;0;6,4;2016-03-31;"Rapportage";2016-03-31;9,73;9,73;1185;"#BE5900";"orange";3,33;52,03125
"Afgerond";"160175";"C2000 Project ODIN";2012-01-01;"Veiligheid en Justitie";2013-09-01;"Initieel";2013-09-01;0;43,62;2014-07-01;"Rapportage";2014-07-01;31,57;33,19;912;"#BE5900";"orange";-12,05;-27,6249426868409
"Afgerond";"160199";"Datacenter Rechtspraak (DCR)";2011-08-01;"Veiligheid en Justitie";2014-12-31;"Initieel";2014-12-31;0;21,6;2015-03-31;"Rapportage";2015-03-31;18,59;18,59;1338;"#BE5900";"orange";-3,01;-13,9351851851852
"Afgerond";"298851";"Geo-Nu";2011-02-01;"Economische Zaken";2015-12-31;"Initieel";2015-12-31;0;0;2015-12-31;"Rapportage";2015-12-31;27,54;27,54;1794;"#BE5900";"orange";27,54;Inf
"Afgerond";"256486";"CONNECT";2013-01-01;"Infrastructuur en Milieu";2015-12-31;"Initieel";2015-12-31;0;18,66;2015-12-31;"Rapportage";2015-12-31;19,34;19,34;1094;"#BE5900";"orange";0,68;3,64415862808146
"Afgerond";"259695";"Cumulus";2013-01-01;"Financiën";2014-07-01;"Initieel";2014-07-01;0;18,8;2015-12-31;"Herijking";2015-12-31;27,04;27,04;1094;"#BE5900";"orange";8,24;43,8297872340425
"Afgerond";"158769";"ERP/M&F (SPEER)";2002-03-01;"Defensie";2009-12-31;"Initieel";2009-12-31;0;185;2015-06-30;"Rapportage";2015-06-30;276,44;276,47;4869;"#BE5900";"orange";91,44;49,427027027027
"Afgerond";"160200";"Invoering trekkingsrecht PGB, voor WMO, AWBZ (WLZ)";2013-08-01;"Volksgezondheid, Welzijn en Sport";2015-03-31;"Initieel";2015-03-31;0;10,22;2015-03-31;"Rapportage";2015-03-31;14,72;14,72;607;"#BE5900";"orange";4,5;44,0313111545988
"Afgerond";"259545";"MijnBelastingdienst.nl";2012-03-16;"Financiën";2015-12-31;"Initieel";2015-12-31;0;8,23;2015-12-31;"Rapportage";2015-12-31;21,47;21,47;1385;"#BE5900";"orange";13,24;160,874848116646
"Afgerond";"158741";"PALS";2006-01-01;"Defensie";2010-12-31;"Initieel";2010-12-31;0;36;2015-06-30;"Rapportage";2015-06-30;29;31,6;3467;"#BE5900";"orange";-7;-19,4444444444444
"Afgerond";"158759";"UWV:  ICT Transitie WERKbedrijf";2011-04-01;"Sociale Zaken en Werkgelegenheid";2015-12-31;"Initieel";2015-12-31;0;68,09;2015-12-31;"Rapportage";2015-12-31;96,1;96,1;1735;"#BE5900";"orange";28,01;41,1367307974739
"Afgerond";"158740";"VIA (vooringevulde aangifte)";2006-03-01;"Financiën";2009-03-01;"Initieel";2009-03-01;0;45;2012-05-01;"Rapportage";2012-05-01;53,26;53,26;2253;"#BE5900";"orange";8,26;18,3555555555556
"Afgerond";"158743";"INDIGO";2008-01-01;"Veiligheid en Justitie";2011-12-31;"Initieel";2011-12-31;0;68;2013-07-01;"Rapportage";2013-07-01;98;95,5;2008;"#BE5900";"orange";30;44,1176470588235
"Afgerond";"158742";"@MIGO-BORAS";2007-12-01;"Defensie";2011-12-31;"Initieel";2011-12-31;0;18;2014-12-31;"Herijking";2014-12-31;21,26;21,26;2587;"#BE5900";"orange";3,26;18,1111111111111
"Afgerond";"160172";"Defensiebrede vervanging C2000 randapparatuur";2010-07-16;"Defensie";2013-12-31;"Initieel";2013-12-31;0;9,15;2014-12-31;"Rapportage";2014-12-31;7,48;7,48;1629;"#BE5900";"orange";-1,67;-18,2513661202186
"Afgerond";"158767";"DigiInkoop";2008-08-01;"Binnenlandse Zaken en Koninkrijksrelaties";2013-04-01;"Initieel";2013-04-01;0;18,72;2014-09-30;"Herijking";2014-09-30;26,98;26,98;2251;"#BE5900";"orange";8,26;44,1239316239316
"Afgerond";"158738";"DI-Informatisering";2004-01-01;"Defensie";2009-12-31;"Initieel";2009-12-31;0;57;2012-12-31;"Rapportage";2012-12-31;21,2;21,2;3287;"#BE5900";"orange";-35,8;-62,8070175438596
"Afgerond";"158750";"Elektronische Reisdocumenten";2004-01-01;"Binnenlandse Zaken en Koninkrijksrelaties";2009-06-28;"Initieel";2009-06-28;0;42;2009-06-28;"Rapportage";2009-06-28;38,5;38,5;2005;"#BE5900";"orange";-3,5;-8,33333333333333
"Afgerond";"158737";"Herinrichting Personele Functiegebied (HPF)";2004-01-01;"Defensie";2008-12-31;"Initieel";2008-12-31;0;35;2011-04-01;"Rapportage";2011-04-01;37,9;37,9;2647;"#BE5900";"orange";2,9;8,28571428571428
"Afgerond";"158736";"Invoeren BRON PO";2005-01-01;"Onderwijs, Cultuur en Wetenschap";2008-12-31;"Initieel";2008-12-31;0;57,2;2010-12-31;"Rapportage";2010-12-31;62,1;62,1;2190;"#BE5900";"orange";4,9;8,56643356643356
"Afgerond";"160193";"Invoeren BRON-HO";2008-07-01;"Onderwijs, Cultuur en Wetenschap";2011-12-31;"Initieel";2011-12-31;0;9;2014-10-03;"Rapportage";2014-10-03;22,03;22,03;2285;"#BE5900";"orange";13,03;144,777777777778
"Afgerond";"158770";"UWV: Uitfaseren Basisregistraties (UBR)";2006-06-09;"Sociale Zaken en Werkgelegenheid";2009-07-01;"Initieel";2009-07-01;0;40;2010-04-30;"Rapportage";2010-04-30;25,9;28,7;1421;"#BE5900";"orange";-14,1;-35,25
"Afgerond";"180746";"Overheidsdatacenter Haagse km2";2013-01-14;"Binnenlandse Zaken en Koninkrijksrelaties";2014-08-01;"Initieel";2014-08-01;0;24,97;2014-11-03;"Rapportage";2014-11-03;25,53;26,43;658;"#BE5900";"orange";0,560000000000002;2,24269122947538
"Afgerond";"158752";"P-Direkt";2006-01-01;"Binnenlandse Zaken en Koninkrijksrelaties";2010-12-31;"Initieel";2010-12-31;0;99;2010-12-31;"Rapportage";2010-12-31;115,91;115,91;1825;"#BE5900";"orange";16,91;17,0808080808081
"Afgerond";"160190";"HGK IT";2010-10-01;"Veiligheid en Justitie";2012-12-01;"Initieel";2012-12-01;0;8,02;2013-04-01;"Rapportage";2013-04-01;18,93;18,93;913;"#BE5900";"orange";10,91;136,034912718204
"Afgerond";"158766";"PROF_IT";2011-01-01;"Veiligheid en Justitie";2012-01-01;"Initieel";2012-01-01;0;4,05;2011-12-31;"Herijking";2011-12-31;0;1,81;364;"#BE5900";"orange";-4,05;-100
"Afgerond";"160207";"Informatiebeveiliging";2008-03-01;"Economische Zaken";2010-12-31;"Initieel";2010-12-31;0;18,8;2011-03-31;"Rapportage";2011-03-31;14,4;17,4;1125;"#BE5900";"orange";-4,4;-23,4042553191489
"Afgerond";"160179";"Programma Informatie-uitwisseling Milieuhandhaving";2011-01-01;"Infrastructuur en Milieu";2013-12-31;"Initieel";2013-12-31;0;10,15;2014-12-31;"Rapportage";2014-12-31;8,58;8,58;1460;"#BE5900";"orange";-1,57;-15,4679802955665
"Afgerond";"160184";"Biometrie in de Vreemdelingenketen (BVK)";2011-04-01;"Veiligheid en Justitie";2015-12-31;"Initieel";2015-12-31;0;50;2013-12-31;"Rapportage";2013-12-31;10,09;10,09;1005;"#BE5900";"orange";-39,91;-79,82
"Afgerond";"160189";"Definitief Toekennen Nieuw (DTN)";2012-07-01;"Financiën";2013-06-30;"Initieel";2013-06-30;0;62,5;2013-06-30;"Rapportage";2013-06-30;50,5;50,5;364;"#BE5900";"orange";-12;-19,2
"Afgerond";"158749";"Digitale Werkomgeving Rijk (DWR)";2008-12-18;"Binnenlandse Zaken en Koninkrijksrelaties";2010-12-31;"Initieel";2010-12-31;0;65;2010-12-31;"Rapportage";2010-12-31;59,11;65;743;"#BE5900";"orange";-5,89;-9,06153846153846
"Afgerond";"160206";"E&F: E-procurement en Finance";2007-09-01;"Economische Zaken";2009-01-01;"Initieel";2009-01-01;0;17;2011-08-31;"Rapportage";2011-08-31;17,93;17,93;1460;"#BE5900";"orange";0,93;5,47058823529412
"Afgerond";"160203";"Nieuw Handelsregister (NHR)";2007-07-04;"Economische Zaken";2009-12-01;"Initieel";2009-12-01;0;12,2;2010-05-22;"Rapportage";2010-05-22;21,3;21,1;1053;"#BE5900";"orange";9,1;74,5901639344262
"Afgerond";"158764";"Elektronisch Patientendossier (EPD)";2006-01-01;"Volksgezondheid, Welzijn en Sport";2010-12-31;"Initieel";2010-12-31;0;300,7;2011-12-31;"Rapportage";2011-12-31;305,42;305,42;2190;"#BE5900";"orange";4,72000000000003;1,56967076820752
"Afgerond";"158754";"Excise Movement Control System (EMCS)";2003-10-01;"Financiën";2010-01-01;"Initieel";2010-01-01;0;16;2012-04-01;"Rapportage";2012-04-01;10,17;10,35;3105;"#BE5900";"orange";-5,83;-36,4375
"Afgerond";"158765";"GCOS (Generiek Casus Ondersteunend Systeem)";2009-12-01;"Veiligheid en Justitie";2011-07-01;"Initieel";2011-07-01;0;8,27;2013-10-01;"Rapportage";2013-10-01;12,78;12,78;1400;"#BE5900";"orange";4,51;54,53446191052
"Afgerond";"158746";"GPS, incl. OM afdoening";2001-01-01;"Veiligheid en Justitie";2004-12-31;"Initieel";2004-12-31;0;50,5;2011-12-31;"Rapportage";2011-12-31;99,4;103,3;4016;"#BE5900";"orange";48,9;96,8316831683168
"Afgerond";"160173";"Platformonafhankelijkheid OS2200 , migratie";2002-11-01;"Infrastructuur en Milieu";2010-12-31;"Initieel";2010-12-31;0;45;2011-12-31;"Rapportage";2011-12-31;39,6;39,6;3347;"#BE5900";"orange";-5,4;-12
"Afgerond";"158747";"IWPI PROGIS";2008-01-01;"Veiligheid en Justitie";2011-04-01;"Initieel";2011-04-01;0;54;2011-04-01;"Rapportage";2011-04-01;32;54;1186;"#BE5900";"orange";-22;-40,7407407407407
"Afgerond";"158745";"Leonardo";2009-07-10;"Veiligheid en Justitie";2011-11-01;"Initieel";2011-11-01;0;15,3;2013-12-31;"Rapportage";2013-12-31;40,52;40,52;1635;"#BE5900";"orange";25,22;164,83660130719
"Afgerond";"158739";"Invordering/ETM";2006-07-01;"Financiën";2008-12-31;"Initieel";2008-12-31;0;60;2010-08-31;"Rapportage";2010-08-31;175,3;175,3;1522;"#BE5900";"orange";115,3;192,166666666667
"Afgerond";"158760";"IvFZ (Informatievoorziening Forensische Zorg)";2009-10-01;"Veiligheid en Justitie";2011-12-31;"Initieel";2011-12-31;0;14,33;2012-12-31;"Rapportage";2012-12-31;15,05;18,19;1187;"#BE5900";"orange";0,720000000000001;5,02442428471738
"Afgerond";"160185";"NL-Alert";2010-12-01;"Veiligheid en Justitie";2012-12-31;"Initieel";2012-12-31;0;25;2012-12-31;"Rapportage";2012-12-31;25;25;761;"#BE5900";"orange";0;0
"Afgerond";"158748";"NL-SIS-II (Nederlands Schengen Informatiesysteem)";2005-07-01;"Veiligheid en Justitie";2007-03-31;"Initieel";2007-03-31;0;8,6;2013-03-31;"Rapportage";2013-03-31;22,8;22,8;2830;"#BE5900";"orange";14,2;165,116279069767
"Afgerond";"160204";"Meerjarenprogramma eDienstverlening";2008-06-01;"Economische Zaken";2011-12-31;"Initieel";2011-12-31;0;13,91;2011-12-31;"Rapportage";2011-12-31;13,76;13,76;1308;"#BE5900";"orange";-0,15;-1,07836089144501
"Afgerond";"158733";"Toeslagen Nieuw";2007-01-01;"Financiën";2008-12-31;"Initieel";2008-12-31;0;56;2012-07-01;"Rapportage";2012-07-01;240;240;2008;"#BE5900";"orange";184;328,571428571429
"Afgerond";"158761";"VGM Programma Vernieuwing Grens Management";2008-07-01;"Veiligheid en Justitie";2011-12-31;"Initieel";2011-12-31;0;13,84;2013-06-01;"Rapportage";2013-06-01;12,77;12,77;1796;"#BE5900";"orange";-1,07;-7,73121387283237
"Afgerond";"160177";"Publieke Dienstverlening Op de Kaart (PDOK)";2009-01-01;"Infrastructuur en Milieu";2012-12-31;"Initieel";2012-12-31;0;14;2012-12-31;"Rapportage";2012-12-31;17,4;17,4;1460;"#BE5900";"orange";3,4;24,2857142857143
"Afgerond";"158744";"NoorderWint";2005-01-01;"Veiligheid en Justitie";2009-06-30;"Initieel";2009-06-30;0;29;2010-12-31;"Rapportage";2010-12-31;55;56;2190;"#BE5900";"orange";26;89,6551724137931
"Afgerond";"160176";"Vernieuwing Informatie Voorziening (VIV) Jeugd.";2010-09-01;"Veiligheid en Justitie";2012-12-31;"Initieel";2012-12-31;0;5,2;2013-06-10;"Rapportage";2013-06-10;4,2;4,2;1013;"#BE5900";"orange";-1;-19,2307692307692
"Afgerond";"160186";"Programma Uitvoering Strafrechtelijke Beslissingen";2012-01-01;"Veiligheid en Justitie";2013-12-31;"Initieel";2013-12-31;0;4,77;2013-12-31;"Rapportage";2013-12-31;4,39;4,39;730;"#BE5900";"orange";-0,38;-7,9664570230608
"Afgerond";"158755";"UWV: Killen en Migreren";2006-01-01;"Sociale Zaken en Werkgelegenheid";2008-12-31;"Initieel";2008-12-31;0;87,6;2011-12-31;"Rapportage";2011-12-31;111;111,5;2190;"#BE5900";"orange";23,4;26,7123287671233
"Afgerond";"158762";"RADAR (binnen programma HTR)";2009-01-01;"Veiligheid en Justitie";2011-01-01;"Initieel";2011-01-01;0;8,69;2012-12-31;"Herijking";2012-12-31;0;15,1;1460;"#BE5900";"orange";-8,69;-100
"Afgerond";"158763";"Programma Stroomlijning Indicatieprocessen  (STIP)";2006-07-01;"Volksgezondheid, Welzijn en Sport";2011-07-01;"Initieel";2011-07-01;0;7,05;2009-09-01;"Rapportage";2009-09-01;4,72;7,05;1158;"#BE5900";"orange";-2,33;-33,0496453900709
"Afgerond";"160182";"UWV: Single Europe Payments Area (SEPA SCT)";2011-06-21;"Sociale Zaken en Werkgelegenheid";2012-07-01;"Initieel";2012-07-01;0;8,72;2012-07-01;"Rapportage";2012-07-01;6,4;6,4;376;"#BE5900";"orange";-2,32;-26,605504587156
"Afgerond";"160205";"TenderNed";2007-01-01;"Economische Zaken";2009-12-16;"Initieel";2009-12-16;0;10,74;2012-12-31;"Rapportage";2012-12-31;24,2;24,1;2191;"#BE5900";"orange";13,46;125,325884543762
"Geannuleerd";"268775";"Omgevingsloket Online 3.0";2012-06-26;"Infrastructuur en Milieu";2016-07-01;"Initieel";2016-07-01;0;8,2;2016-05-25;"Rapportage";2016-05-25;4,15;4,15;1429;"#741672";"purple";-4,05;-49,390243902439
"Geannuleerd";"252582";"Wijziging Ontslagstelsel en Passende Arbeid (WOPA)";2014-04-29;"Sociale Zaken en Werkgelegenheid";2015-10-01;"Initieel";2015-10-01;0;9,2;2015-11-10;"Herijking";2015-11-10;19,13;19,13;560;"#741672";"purple";9,93;107,934782608696
"Geannuleerd";"160183";"Pardex (Passenger Related Data Exchange)";2011-01-01;"Veiligheid en Justitie";2015-12-31;"Initieel";2015-12-31;0;45;2012-12-31;"Rapportage";2012-12-31;2,06;2,06;730;"#741672";"purple";-42,94;-95,4222222222222
"Geannuleerd";"299154";"Implementatie ZGW-service";2015-01-01;"Economische Zaken";2017-12-31;"Initieel";2017-12-31;0;5,2;2016-03-12;"Rapportage";2016-03-12;0,3;0,3;436;"#741672";"purple";-4,9;-94,2307692307692
"Geannuleerd";"234683";"Veranderprogramma SVB TIEN";2006-01-01;"Sociale Zaken en Werkgelegenheid";2010-12-31;"Initieel";2010-12-31;0;76;2014-09-02;"Rapportage";2014-09-02;121,8;121,8;3166;"#741672";"purple";45,8;60,2631578947368
"In uitvoering";"158751";"Operatie BRP";2009-03-01;"Binnenlandse Zaken en Koninkrijksrelaties";2015-05-01;"Initieel";2015-05-01;0;29,59;2020-05-15;"Rapportage";2020-05-15;69,08;82,95;4093;"#A2A419";"moss green";39,49;133,457249070632
"In uitvoering";"261022";"Impuls eID (voorheen: Idensys)";2014-01-01;"Binnenlandse Zaken en Koninkrijksrelaties";2016-12-31;"Initieel";2016-12-31;0;18;2019-04-01;"Rapportage";2019-04-01;16,4;28,5;1916;"#A2A419";"moss green";-1,6;-8,8888888888889
"In uitvoering";"299103";"AMRI";2014-01-01;"Economische Zaken";2016-12-31;"Initieel";2016-12-31;0;5,1;2017-08-31;"Herijking";2017-08-31;4,3;8,31;1338;"#A2A419";"moss green";-0,8;-15,6862745098039
"In uitvoering";"260544";"Programma Blik op NVWA 2017";2014-07-10;"Economische Zaken";2017-12-31;"Initieel";2017-12-31;0;36;2017-12-31;"Rapportage";2017-12-31;20,3;36;1270;"#A2A419";"moss green";-15,7;-43,6111111111111
"In uitvoering";"399506";"Grensverleggende IT (GrIT)";2015-12-21;"Defensie";2020-12-31;"Initieel";2020-12-31;0;0;2020-12-31;"Rapportage";2020-12-31;0;0;1837;"#A2A419";"moss green";0;0
"In uitvoering";"293059";"Digitale Werkplek (Vernieuwing Intranet)";2013-09-03;"Sociale Zaken en Werkgelegenheid";2015-03-31;"Initieel";2015-03-31;0;1,89;2017-12-31;"Herijking";2017-12-31;8,49;10,76;1580;"#A2A419";"moss green";6,6;349,206349206349
"In uitvoering";"295485";"IT-KMAR_IGO";2016-04-06;"Defensie";2020-12-31;"Initieel";2020-12-31;0;51,2;2020-12-31;"Rapportage";2020-12-31;2,61;51,2;1730;"#A2A419";"moss green";-48,59;-94,90234375
"In uitvoering";"158768";"Programma Vernieuwing Studiefinanciering";2010-09-01;"Onderwijs, Cultuur en Wetenschap";2014-09-01;"Initieel";2014-09-01;0;75;2017-11-03;"Herijking";2017-11-03;121,3;144,7;2620;"#A2A419";"moss green";46,3;61,7333333333333
"In uitvoering";"408473";"Digitaal stelsel omgevingswet (DSO)";2017-01-18;"Infrastructuur en Milieu";2019-06-30;"Initieel";2019-06-30;0;0;2019-06-30;"Rapportage";2019-06-30;20,58;104,07;893;"#A2A419";"moss green";20,58;Inf
"In uitvoering";"297541";"Doorontwikkelen BRON";2015-01-29;"Onderwijs, Cultuur en Wetenschap";2020-12-31;"Initieel";2020-12-31;0;80,1;2021-12-31;"Rapportage";2021-12-31;18,52;86,6;2528;"#A2A419";"moss green";-61,58;-76,8789013732834
"In uitvoering";"350212";"1UBO- AW";2016-07-19;"Sociale Zaken en Werkgelegenheid";2018-04-01;"Initieel";2018-04-01;3,48;18,23;2018-04-01;"Rapportage";2018-04-01;8,64;18,23;621;"#A2A419";"moss green";-9,59;-52,6055951727921
"In uitvoering";"356762";"Basis Rapportage Voorziening";2015-05-26;"Sociale Zaken en Werkgelegenheid";2016-12-31;"Initieel";2016-12-31;0;3,9;2018-03-31;"Rapportage";2018-03-31;4,9;9;1040;"#A2A419";"moss green";1;25,6410256410257
"In uitvoering";"293109";"Basis Registratie Personen (BRP)";2014-07-01;"Sociale Zaken en Werkgelegenheid";2015-12-31;"Initieel";2015-12-31;1,56;5,18;2018-12-31;"Rapportage";2018-12-31;7,61;15,05;1644;"#A2A419";"moss green";2,43;46,9111969111969
"In uitvoering";"411783";"Digitalisering Notariële Informatie (DNI)";2015-10-08;"Financiën";2017-12-31;"Initieel";2017-12-31;0;11,27;2019-06-01;"Rapportage";2019-06-01;1,36;11,64;1332;"#A2A419";"moss green";-9,91;-87,9325643300799
"In uitvoering";"292907";"Digitalisering Werkprocessen Bezwaar & Beroep";2014-04-15;"Sociale Zaken en Werkgelegenheid";2015-12-31;"Initieel";2015-12-31;0;3,84;2018-06-30;"Rapportage";2018-06-30;4,87;6,99;1537;"#A2A419";"moss green";1,03;26,8229166666667
"In uitvoering";"261735";"E-Dienstverlening";2013-11-01;"Veiligheid en Justitie";2015-07-01;"Initieel";2015-07-01;0;1,19;2018-03-31;"Herijking";2018-03-31;6,33;18,11;1611;"#A2A419";"moss green";5,14;431,932773109244
"In uitvoering";"294824";"EKMS (cryptosleutelmanagement)";2010-09-01;"Defensie";2017-12-31;"Initieel";2017-12-31;0;18;2018-06-01;"Rapportage";2018-06-01;7,99;18;2830;"#A2A419";"moss green";-10,01;-55,6111111111111
"In uitvoering";"255005";"SWD Olympus";2014-02-24;"Defensie";2018-01-01;"Initieel";2018-01-01;0;23,3;2020-01-01;"Rapportage";2020-01-01;4,28;23,4;2137;"#A2A419";"moss green";-19,02;-81,6309012875536
"In uitvoering";"291851";"Programma Participatiewet";2014-01-01;"Sociale Zaken en Werkgelegenheid";2015-03-31;"Initieel";2015-03-31;0;14,8;2017-07-01;"Rapportage";2017-07-01;27;30,9;1277;"#A2A419";"moss green";12,2;82,4324324324324
"In uitvoering";"299002";"Gamma";2014-03-31;"Economische Zaken";2017-12-31;"Initieel";2017-12-31;0;12,5;2018-12-31;"Rapportage";2018-12-31;3,5;10,8;1736;"#A2A419";"moss green";-9;-72
"In uitvoering";"292051";"Veilige Digitale Communicatie";2013-09-01;"Sociale Zaken en Werkgelegenheid";2016-07-01;"Initieel";2016-07-01;0;3,8;2017-11-01;"Herijking";2017-11-01;6,22;7,28;1522;"#A2A419";"moss green";2,42;63,6842105263158
"In uitvoering";"410690";"Herstructureren SBO-landschap";2015-08-01;"Financiën";2018-08-01;"Initieel";2018-08-01;0;33,8;2021-01-01;"Rapportage";2021-01-01;0;33,8;1980;"#A2A419";"moss green";-33,8;-100
"In uitvoering";"404973";"Rijgeschiktheid aan het stuur";2017-01-01;"Infrastructuur en Milieu";2018-10-31;"Initieel";2018-10-31;0;23,75;2018-10-31;"Rapportage";2018-10-31;11,19;23,76;668;"#A2A419";"moss green";-12,56;-52,8842105263158
"In uitvoering";"332198";"DigiD Substantieel en Hoog/voorheen Publiek middel";2015-01-01;"Binnenlandse Zaken en Koninkrijksrelaties";2016-06-01;"Initieel";2016-06-01;0;4,1;2018-10-01;"Rapportage";2018-10-01;12,6;29,1;1369;"#A2A419";"moss green";8,5;207,317073170732
"In uitvoering";"415438";"DWR Next";2015-06-01;"Binnenlandse Zaken en Koninkrijksrelaties";2017-12-31;"Initieel";2017-12-31;0;3,2;2017-12-31;"Rapportage";2017-12-31;5,41;17,6;944;"#A2A419";"moss green";2,21;69,0625
"In uitvoering";"299242";"HARP";2015-07-16;"Binnenlandse Zaken en Koninkrijksrelaties";2019-06-30;"Initieel";2019-06-30;0,4;30,7;2018-06-30;"Rapportage";2018-06-30;9;30,7;1080;"#A2A419";"moss green";-21,7;-70,6840390879479
"In uitvoering";"298508";"PMI";2015-01-01;"Binnenlandse Zaken en Koninkrijksrelaties";2016-12-31;"Initieel";2016-12-31;22,58;53,95;2017-11-01;"Rapportage";2017-11-01;49,7;66,9;1035;"#A2A419";"moss green";-4,25;-7,87766450417053
"In uitvoering";"299300";"Programma Inbesteding ICT Dienstverlening RVB";2014-05-14;"Binnenlandse Zaken en Koninkrijksrelaties";2015-12-31;"Initieel";2015-12-31;6,84;10,01;2017-09-01;"Rapportage";2017-09-01;9;10,5;1206;"#A2A419";"moss green";-1,01;-10,0899100899101
"In uitvoering";"415360";"van GEB naar GLOBE";2016-07-01;"Binnenlandse Zaken en Koninkrijksrelaties";2017-12-31;"Initieel";2017-12-31;0;12,8;2017-12-31;"Rapportage";2017-12-31;9,3;12,8;548;"#A2A419";"moss green";-3,5;-27,34375
"In uitvoering";"160198";"Kwaliteit en Innovatie (KEI)";2012-07-02;"Veiligheid en Justitie";2015-01-01;"Initieel";2015-01-01;0;7;2020-01-01;"Rapportage";2020-01-01;67,11;79;2739;"#A2A419";"moss green";60,11;858,714285714286
"In uitvoering";"296761";"WNZ B DVM Vaarwegen";2015-12-31;"Infrastructuur en Milieu";2018-12-31;"Initieel";2018-12-31;0;0;2019-12-31;"Herijking";2019-12-31;0;0;1461;"#A2A419";"moss green";0;0
"In uitvoering";"160195";"Advance Passenger Information (API-3)";2013-11-01;"Defensie";2016-04-01;"Initieel";2016-04-01;0;10;2017-03-31;"Herijking";2017-03-31;8,21;9,29;1246;"#A2A419";"moss green";-1,79;-17,9
"In uitvoering";"406656";"AIR2020";2016-07-08;"Infrastructuur en Milieu";2020-12-31;"Initieel";2020-12-31;0;0;2020-12-31;"Rapportage";2020-12-31;2,31;2,31;1637;"#A2A419";"moss green";2,31;Inf
"In uitvoering";"160178";"ARGO II";2011-11-19;"Defensie";2014-01-01;"Initieel";2014-01-01;0;12,3;2017-07-01;"Rapportage";2017-07-01;17,8;17,8;2051;"#A2A419";"moss green";5,5;44,7154471544715
"In uitvoering";"295842";"Basis Corridorgerichte Bediening en Begeleiding";2015-04-01;"Infrastructuur en Milieu";2017-12-31;"Initieel";2017-12-31;0;21,69;2018-03-31;"Rapportage";2018-03-31;11,49;22,88;1095;"#A2A419";"moss green";-10,2;-47,0262793914246
"In uitvoering";"255331";"Basis Voorziening Justitiabelen (BVJ)";2012-06-01;"Veiligheid en Justitie";2018-06-30;"Initieel";2018-06-30;2,18;34,31;2018-06-30;"Rapportage";2018-06-30;11,05;34,32;2220;"#A2A419";"moss green";-23,26;-67,7936461672982
"In uitvoering";"295146";"NAFIN Transport Netwerk (NTN)";2008-08-25;"Defensie";2012-12-31;"Initieel";2012-12-31;0;34,81;2017-12-31;"Rapportage";2017-12-31;20,74;20,94;3415;"#A2A419";"moss green";-14,07;-40,4194197069808
"In uitvoering";"301498";"Digitaal werken in de Vreemdelingenketen";2013-03-01;"Veiligheid en Justitie";2016-12-01;"Initieel";2016-12-01;0;10;2017-06-30;"Rapportage";2017-06-30;7,2;7,2;1582;"#A2A419";"moss green";-2,8;-28
"In uitvoering";"293729";"Basisvoorziening KMAR";2016-10-03;"Defensie";2018-09-28;"Initieel";2018-09-28;0;6,1;2019-06-28;"Rapportage";2019-06-28;0,26;6,1;998;"#A2A419";"moss green";-5,84;-95,7377049180328
"In uitvoering";"256435";"Beveiligd Werken Rijkswaterstaat";2013-12-01;"Infrastructuur en Milieu";2016-12-31;"Initieel";2016-12-31;0;158,14;2017-12-31;"Rapportage";2017-12-31;92,86;120,3;1491;"#A2A419";"moss green";-65,28;-41,2798785885924
"In uitvoering";"323481";"BopA Friesland";2016-04-01;"Infrastructuur en Milieu";2019-01-01;"Initieel";2019-01-01;0;8,01;2019-07-01;"Rapportage";2019-07-01;0,46;9,29;1186;"#A2A419";"moss green";-7,55;-94,2571785268414
"In uitvoering";"295792";"Bouwkosten Informatie Model (BIM) fase 2";2015-01-01;"Infrastructuur en Milieu";2018-12-31;"Initieel";2018-12-31;0;8,9;2018-12-31;"Rapportage";2018-12-31;7,25;11,17;1460;"#A2A419";"moss green";-1,65;-18,5393258426966
"In uitvoering";"160197";"Centrale Voorziening Executieopdrachten (CVE)";2013-11-01;"Veiligheid en Justitie";2016-12-31;"Initieel";2016-12-31;0;8,88;2017-12-31;"Rapportage";2017-12-31;3,59;4;1521;"#A2A419";"moss green";-5,29;-59,5720720720721
"In uitvoering";"295692";"CHARM";2011-03-01;"Infrastructuur en Milieu";2018-12-31;"Initieel";2018-12-31;0;34,07;2018-12-31;"Rapportage";2018-12-31;36,15;85,35;2862;"#A2A419";"moss green";2,08;6,10507778103903
"In uitvoering";"275199";"IRIS";2014-08-01;"Buitenlandse Zaken";2017-03-31;"Initieel";2017-03-31;0;14,6;2017-03-31;"Rapportage";2017-03-31;12,2;14,6;973;"#A2A419";"moss green";-2,4;-16,4383561643836
"In uitvoering";"295742";"Coöperatieve ITS Corridor";2014-12-01;"Infrastructuur en Milieu";2016-04-01;"Initieel";2016-04-01;0;1,4;2017-07-01;"Rapportage";2017-07-01;3,82;6,12;943;"#A2A419";"moss green";2,42;172,857142857143
"In uitvoering";"293779";"DEFCERT fase 1";2014-01-01;"Defensie";2015-10-30;"Initieel";2015-10-30;0;7,5;2017-12-31;"Rapportage";2017-12-31;7,08;7,5;1460;"#A2A419";"moss green";-0,42;-5,6
"In uitvoering";"298951";"DICTU-Cloud";2014-09-16;"Economische Zaken";2016-06-16;"Initieel";2016-06-16;0;20,1;2017-06-30;"Rapportage";2017-06-30;23,7;32,7;1018;"#A2A419";"moss green";3,6;17,910447761194
"In uitvoering";"330473";"Digijust 2015";2014-01-01;"Veiligheid en Justitie";2015-10-01;"Initieel";2015-10-01;0;4,9;2017-12-31;"Rapportage";2017-12-31;7,55;13,86;1460;"#A2A419";"moss green";2,65;54,0816326530612
"In uitvoering";"300792";"Digitaal Archief";2013-10-05;"Financiën";2018-04-01;"Initieel";2018-04-01;0;4,5;2018-12-31;"Herijking";2018-12-31;5,64;7,84;1913;"#A2A419";"moss green";1,14;25,3333333333333
"In uitvoering";"374939";"Directe Financiering Kinderopvang";2016-10-01;"Sociale Zaken en Werkgelegenheid";2020-07-01;"Initieel";2020-07-01;0;48,36;2020-07-01;"Rapportage";2020-07-01;7,38;48,36;1369;"#A2A419";"moss green";-40,98;-84,7394540942928
"In uitvoering";"406955";"Digitale Werkomgeving Rijksoverheid";2014-04-01;"Veiligheid en Justitie";2015-09-01;"Initieel";2015-09-01;0;1,1;2017-03-31;"Rapportage";2017-03-31;6,15;7,46;1095;"#A2A419";"moss green";5,05;459,090909090909
"In uitvoering";"407240";"Digitaliseren Strippenproces Torens (EFS)";2016-04-29;"Infrastructuur en Milieu";2018-06-30;"Initieel";2018-06-30;0,2;4,7;2019-04-01;"Rapportage";2019-04-01;0,6;7,7;1067;"#A2A419";"moss green";-4,1;-87,2340425531915
"In uitvoering";"408132";"Robuust Betalingsverkeer";2015-09-01;"Financiën";2019-04-01;"Initieel";2019-04-01;0;5,7;2019-12-31;"Herijking";2019-12-31;0,96;5,7;1582;"#A2A419";"moss green";-4,74;-83,1578947368421
"In uitvoering";"296511";"SAA A9 Gaasperdammerweg";2015-08-10;"Infrastructuur en Milieu";2020-12-31;"Initieel";2020-12-31;0;0;2020-12-31;"Rapportage";2020-12-31;0;0;1970;"#A2A419";"moss green";0;0
"In uitvoering";"295355";"Scherp & Efficiënt";2011-05-01;"Veiligheid en Justitie";2015-01-01;"Initieel";2015-01-01;0;7,78;2017-09-30;"Rapportage";2017-09-30;13,25;13,88;2344;"#A2A419";"moss green";5,47;70,3084832904884
"In uitvoering";"296661";"WNN NAT Projectcluster Constructies";2011-12-31;"Infrastructuur en Milieu";2016-12-31;"Initieel";2016-12-31;0;0;2017-07-22;"Herijking";2017-07-22;0;0;2030;"#A2A419";"moss green";0;0
"In uitvoering";"326575";"Programma iCAS";2016-09-07;"Infrastructuur en Milieu";2023-07-01;"Initieel";2023-07-01;0;152,55;2023-07-01;"Rapportage";2023-07-01;26,39;152,55;2488;"#A2A419";"moss green";-126,16;-82,7007538511963
"In uitvoering";"295300";"ToR (incl. Doorontwikkeling RADAR)";2013-01-01;"Veiligheid en Justitie";2015-12-31;"Initieel";2015-12-31;0;7,22;2017-03-31;"Rapportage";2017-03-31;7,68;7,68;1550;"#A2A419";"moss green";0,46;6,37119113573407
"In uitvoering";"300988";"UCC-MASP";2014-07-10;"Financiën";2020-12-31;"Initieel";2020-12-31;0;141;2021-12-31;"Rapportage";2021-12-31;5,63;141;2731;"#A2A419";"moss green";-135,37;-96,0070921985816
"In uitvoering";"406554";"Variabel Onderhoud Verkeerscentrale Noordwest Nede";2016-06-07;"Infrastructuur en Milieu";2019-06-30;"Initieel";2019-06-30;0;0;2019-06-30;"Rapportage";2019-06-30;0,33;0;1118;"#A2A419";"moss green";0,33;Inf
"In uitvoering";"294207";"Vast en Variabel Onderhoud Verkeerscentrale Rhoon";2014-04-04;"Infrastructuur en Milieu";2017-08-01;"Initieel";2017-08-01;0;9,09;2017-06-01;"Rapportage";2017-06-01;8,21;9,04;1154;"#A2A419";"moss green";-0,879999999999999;-9,68096809680967
"In uitvoering";"296311";"Vernieuwing Landelijk Meetnet Water (LMW2)";2015-10-05;"Infrastructuur en Milieu";2019-12-31;"Initieel";2019-12-31;0;0;2022-12-31;"Herijking";2022-12-31;0,92;0,92;2644;"#A2A419";"moss green";0,92;Inf
"In uitvoering";"294610";"Realisatie basis generieke incasso-arrangement";2014-01-01;"Veiligheid en Justitie";2016-02-01;"Initieel";2016-02-01;0;5,25;2017-02-01;"Rapportage";2017-02-01;6,11;6,11;1127;"#A2A419";"moss green";0,86;16,3809523809524
"In uitvoering";"408218";"Innen op Aangifte";2016-04-15;"Financiën";2019-12-31;"Initieel";2019-12-31;0;12,86;2019-12-31;"Rapportage";2019-12-31;3,22;12,86;1355;"#A2A419";"moss green";-9,64;-74,9611197511664
"In uitvoering";"330541";"IVC";2015-06-16;"Veiligheid en Justitie";2017-11-16;"Initieel";2017-11-16;0;167,61;2018-07-16;"Rapportage";2018-07-16;26,75;167,61;1126;"#A2A419";"moss green";-140,86;-84,0403317224509
"In uitvoering";"298454";"Klantoptimalisatie schenk- en erfbelasting (KOS)";2014-04-17;"Financiën";2016-07-01;"Initieel";2016-07-01;0;8,17;2018-07-01;"Herijking";2018-07-01;6,79;14,32;1536;"#A2A419";"moss green";-1,38;-16,891064871481
"In uitvoering";"359997";"KLIC-WIN (Kabels en Leidingen Informatie Centrum)";2015-02-02;"Infrastructuur en Milieu";2017-01-02;"Initieel";2017-01-02;0;4;2018-01-01;"Rapportage";2018-01-01;4,03;5,9;1064;"#A2A419";"moss green";0,0300000000000002;0,750000000000006
"In uitvoering";"293973";"KOERS";2015-07-01;"Infrastructuur en Milieu";2018-09-30;"Initieel";2018-09-30;0;15,4;2018-09-30;"Rapportage";2018-09-30;8,34;15,4;1187;"#A2A419";"moss green";-7,06;-45,8441558441558
"In uitvoering";"416225";"Prog. Cloudwerkplek: Vernieuwing Werkplekdiensten";2016-06-01;"Economische Zaken";2018-07-01;"Initieel";2018-07-01;0;45,4;2018-07-01;"Rapportage";2018-07-01;16,8;45,4;760;"#A2A419";"moss green";-28,6;-62,9955947136564
"In uitvoering";"377382";"vAKWerk";2016-11-08;"Sociale Zaken en Werkgelegenheid";2018-07-01;"Initieel";2018-07-01;0;8,82;2018-07-01;"Rapportage";2018-07-01;1,11;8,82;600;"#A2A419";"moss green";-7,71;-87,4149659863945
"In uitvoering";"296261";"LUV VTS";2015-06-01;"Infrastructuur en Milieu";2019-12-31;"Initieel";2019-12-31;0;0;2019-12-31;"Rapportage";2019-12-31;0,9;0,8;1674;"#A2A419";"moss green";0,9;Inf
"In uitvoering";"297287";"Maritime Single Window (MSW)";2012-01-23;"Infrastructuur en Milieu";2015-06-01;"Initieel";2015-06-01;0;5;2017-12-31;"Rapportage";2017-12-31;6,7;7,2;2169;"#A2A419";"moss green";1,7;34
"In uitvoering";"259451";"Mini One Stop Shop (MOSS)";2013-06-01;"Financiën";2015-06-01;"Initieel";2015-06-01;0;8,59;2017-03-31;"Herijking";2017-03-31;21,75;24,04;1399;"#A2A419";"moss green";13,16;153,201396973225
"In uitvoering";"160174";"Modernisering Object Bediening Zeeland";2005-05-02;"Infrastructuur en Milieu";2010-01-01;"Initieel";2010-01-01;0;23,14;2018-01-01;"Rapportage";2018-01-01;57,04;63,46;4627;"#A2A419";"moss green";33,9;146,499567847882
"In uitvoering";"300267";"Multikanaal Mededelen (MKM)";2015-01-01;"Financiën";2017-12-31;"Initieel";2017-12-31;0;6,47;2017-12-31;"Rapportage";2017-12-31;3,5;5,96;1095;"#A2A419";"moss green";-2,97;-45,9041731066461
"In uitvoering";"160194";"Continue screening kinderopvang, fase 2";2013-11-28;"Sociale Zaken en Werkgelegenheid";2016-12-31;"Initieel";2016-12-31;0;6,58;2019-12-31;"Rapportage";2019-12-31;7,8;11,93;2224;"#A2A419";"moss green";1,22;18,5410334346505
"In uitvoering";"296461";"Renovatie Stuwenensemble Lek en Neder-Rijn";2015-09-23;"Infrastructuur en Milieu";2021-12-31;"Initieel";2021-12-31;0;0;2021-12-31;"Rapportage";2021-12-31;0;0;2291;"#A2A419";"moss green";0;0
"In uitvoering";"296411";"Renovatie Velsertunnel";2015-12-31;"Infrastructuur en Milieu";2016-12-31;"Initieel";2016-12-31;0;0;2017-01-16;"Rapportage";2017-01-16;0;0;382;"#A2A419";"moss green";0;0
"In uitvoering";"415526";"Phoenix+";2017-03-02;"Economische Zaken";2020-12-31;"Initieel";2020-12-31;9,44;41,07;2020-12-31;"Rapportage";2020-12-31;9,44;41,07;1400;"#A2A419";"moss green";-31,63;-77,0148526905284
"In uitvoering";"296811";"PPO RITS";2014-06-30;"Infrastructuur en Milieu";2020-08-16;"Initieel";2020-08-16;0;0;2020-12-31;"Rapportage";2020-12-31;0;0;2376;"#A2A419";"moss green";0;0
"In uitvoering";"416140";"Prog. Cloudwerkplek: Continuïteit Werkplekdiensten";2016-05-01;"Economische Zaken";2018-07-01;"Initieel";2018-07-01;0;33,6;2018-07-01;"Rapportage";2018-07-01;5,1;33,6;791;"#A2A419";"moss green";-28,5;-84,8214285714286
"In uitvoering";"320750";"Wettelijk Beoordelings Instrument Waterkeringen";2012-01-01;"Infrastructuur en Milieu";2018-12-31;"Initieel";2018-12-31;0;11,2;2018-12-31;"Rapportage";2018-12-31;12,1;12,8;2556;"#A2A419";"moss green";0,9;8,03571428571429
"In uitvoering";"300726";"Rationalisatie overige middelen Aangifte";2014-05-01;"Financiën";2016-09-01;"Initieel";2016-09-01;0;9,9;2017-12-31;"Herijking";2017-12-31;10,03;15,37;1340;"#A2A419";"moss green";0,129999999999999;1,3131313131313
"In uitvoering";"258954";"Digitale Taken Rijksarchieven (DTR)";2014-01-01;"Onderwijs, Cultuur en Wetenschap";2015-12-31;"Initieel";2015-12-31;0;28,01;2017-01-27;"Rapportage";2017-01-27;20,1;28;1122;"#A2A419";"moss green";-7,91;-28,2399143163156
"In uitvoering";"407860";"Programma Regie Modernisering IV-landschap";2014-12-15;"Financiën";2017-12-31;"Initieel";2017-12-31;0;135;2020-12-31;"Rapportage";2020-12-31;58,1;135;2208;"#A2A419";"moss green";-76,9;-56,962962962963
"In uitvoering";"300674";"Rationalisatie Auto";2013-11-22;"Financiën";2017-03-31;"Initieel";2017-03-31;0;17,5;2017-12-31;"Rapportage";2017-12-31;5,45;11,56;1500;"#A2A419";"moss green";-12,05;-68,8571428571429
"In uitvoering";"318399";"Vervanging AAA computers";2015-01-05;"Infrastructuur en Milieu";2016-12-31;"Initieel";2016-12-31;0,1;6,4;2017-06-01;"Rapportage";2017-06-01;8,2;8,9;878;"#A2A419";"moss green";1,8;28,125
"In uitvoering";"299793";"Rationalisatie Poort";2015-01-01;"Financiën";2017-12-31;"Initieel";2017-12-31;0;3,4;2016-12-31;"Rapportage";2016-12-31;3,17;3,17;730;"#A2A419";"moss green";-0,23;-6,76470588235294
"In uitvoering";"297706";"Programma Krachtig Leraarschap en Lerarenregister";2016-09-22;"Onderwijs, Cultuur en Wetenschap";2018-12-31;"Initieel";2018-12-31;0;0;2018-12-31;"Rapportage";2018-12-31;0;16,65;830;"#A2A419";"moss green";0;0
"In uitvoering";"296361";"Vervangingsinvesteringen WNZ/WNN (VIT II)";2015-09-28;"Infrastructuur en Milieu";2018-12-31;"Initieel";2018-12-31;0;0;2018-12-31;"Rapportage";2018-12-31;0;0;1190;"#A2A419";"moss green";0;0
"In uitvoering";"296711";"ZN A Cluster Natte Centrales (voorheen Brugman)";2012-09-01;"Infrastructuur en Milieu";2015-12-31;"Initieel";2015-12-31;0;0;2017-06-30;"Rapportage";2017-06-30;0;0;1763;"#A2A419";"moss green";0;0
"In uitvoering";"299691";"Roadmap Inning";2014-07-01;"Financiën";2020-12-31;"Initieel";2020-12-31;0;26;2020-12-31;"Herijking";2020-12-31;21,77;21,77;2375;"#A2A419";"moss green";-4,23;-16,2692307692308
"In uitvoering";"410612";"Vervanging TOP-Suite";2015-09-01;"Financiën";2017-04-01;"Initieel";2017-04-01;0;7,67;2017-10-01;"Rapportage";2017-10-01;2,62;7,67;761;"#A2A419";"moss green";-5,05;-65,8409387222947
"In uitvoering";"255227";"Zelfbediening Justitiabelen (ZBJ)";2013-07-01;"Veiligheid en Justitie";2017-12-31;"Initieel";2017-12-31;1,08;9,79;2017-12-31;"Rapportage";2017-12-31;6,91;19,97;1644;"#A2A419";"moss green";-2,88;-29,417773237998
"In uitvoering";"298602";"Programma eDienstverlening Uitvoering (eDU)";2012-10-01;"Economische Zaken";2016-12-31;"Initieel";2016-12-31;0;20,24;2017-10-31;"Rapportage";2017-10-31;18,34;21,72;1856;"#A2A419";"moss green";-1,9;-9,38735177865612
"In uitvoering";"297592";"Programma Erfgoed Digitaal";2015-06-01;"Onderwijs, Cultuur en Wetenschap";2017-12-31;"Initieel";2017-12-31;0;15;2017-04-01;"Rapportage";2017-04-01;1,31;8,5;670;"#A2A419";"moss green";-13,69;-91,2666666666667
"In uitvoering";"298901";"CaRMen";2013-03-01;"Economische Zaken";2015-09-28;"Initieel";2015-09-28;0;6,44;2017-06-15;"Rapportage";2017-06-15;8,84;9,59;1567;"#A2A419";"moss green";2,4;37,2670807453416
"In uitvoering";"160191";"Programma iDiplomatie (voorheen Digitalisering)";2012-07-09;"Buitenlandse Zaken";2015-01-01;"Initieel";2015-01-01;0;27,76;2017-04-01;"Rapportage";2017-04-01;36,62;39;1727;"#A2A419";"moss green";8,86;31,9164265129683
"In uitvoering";"297491";"Vervangen Gefis";2014-10-01;"Onderwijs, Cultuur en Wetenschap";2016-12-31;"Initieel";2016-12-31;0;7,8;2017-04-01;"Rapportage";2017-04-01;8;7,8;913;"#A2A419";"moss green";0,2;2,56410256410257
"In uitvoering";"160181";"Vervanging Aangiftesystemen (AGS)";2008-10-01;"Financiën";2011-12-31;"Initieel";2011-12-31;0;25,5;2017-06-30;"Rapportage";2017-06-30;49,5;50,6;3194;"#A2A419";"moss green";24;94,1176470588235
"In uitvoering";"412459";"Programma Dienstverlening Instellingen (PDI)";2016-01-01;"Onderwijs, Cultuur en Wetenschap";2019-12-31;"Initieel";2019-12-31;0;16,5;2019-12-31;"Rapportage";2019-12-31;6,1;16,8;1460;"#A2A419";"moss green";-10,4;-63,030303030303
"Nog niet gestart";"413754";"Kern Gezond";2017-01-01;"Economische Zaken";2019-12-31;"Initieel";2019-12-31;0;34,7;2019-12-31;"Initieel";2019-12-31;0;34,7;1094;"#00BCDF";"light blue";-34,7;-100
"Nog niet gestart";"321992";"Basisregistratie Ondergrond (BRO)";2016-05-01;"Infrastructuur en Milieu";2021-12-31;"Initieel";2021-12-31;0;11,44;2021-12-31;"Rapportage";2021-12-31;0;11,44;2070;"#00BCDF";"light blue";-11,44;-100
"Nog niet gestart";"407322";"CivMiI Voice Communication System";2017-03-02;"Infrastructuur en Milieu";2019-03-29;"Initieel";2019-03-29;0;20,5;2019-03-29;"Initieel";2019-03-29;0;20,5;757;"#00BCDF";"light blue";-20,5;-100
"Nog niet gestart";"296611";"Zuidas Dok";2017-12-31;"Infrastructuur en Milieu";2028-12-31;"Rapportage";2028-12-31;0;0;2028-12-31;"Initieel";2028-12-31;0;0;4018;"#00BCDF";"light blue";0;0
